timestamp,username,source_ip,auth_result
2025-05-25 09:30:30,jane,192.168.1.20,SUCCESS
2025-05-25 09:47:19,alice,10.10.10.5,SUCCESS
2025-05-25 08:45:32,charlie,10.10.10.5,SUCCESS
2025-05-25 09:27:10,jane,192.168.1.10,FAIL
2025-05-25 09:28:12,bob,172.16.0.1,FAIL
2025-05-25 08:22:36,alice,192.168.1.20,FAIL
2025-05-25 08:04:28,john,192.168.1.10,FAIL
2025-05-25 08:46:27,alice,192.168.1.10,FAIL
2025-05-25 09:59:10,john,203.0.113.5,FAIL
2025-05-25 08:45:32,john,172.16.0.1,FAIL
2025-05-25 09:01:03,charlie,192.168.1.20,FAIL
2025-05-25 08:03:49,bob,203.0.113.5,FAIL
2025-05-25 08:08:36,bob,172.16.0.1,FAIL
2025-05-25 09:45:39,john,192.168.1.10,FAIL
2025-05-25 09:12:53,john,203.0.113.5,FAIL
2025-05-25 09:16:36,alice,203.0.113.5,FAIL
2025-05-25 08:15:16,charlie,172.16.0.1,FAIL
2025-05-25 08:12:57,jane,203.0.113.5,FAIL
2025-05-25 09:47:28,alice,192.168.1.10,FAIL
2025-05-25 09:28:37,jane,10.10.10.5,SUCCESS
2025-05-25 08:39:57,john,10.10.10.5,FAIL
2025-05-25 09:16:37,bob,192.168.1.20,FAIL
2025-05-25 09:09:42,john,192.168.1.10,FAIL
2025-05-25 08:53:17,alice,192.168.1.20,FAIL
2025-05-25 09:28:59,bob,192.168.1.20,SUCCESS
2025-05-25 09:36:19,charlie,203.0.113.5,FAIL
2025-05-25 09:48:24,alice,203.0.113.5,SUCCESS
2025-05-25 08:31:07,john,172.16.0.1,FAIL
2025-05-25 08:40:50,charlie,10.10.10.5,FAIL
2025-05-25 08:52:08,jane,192.168.1.20,FAIL
2025-05-25 08:52:34,bob,192.168.1.10,FAIL
2025-05-25 08:15:21,john,172.16.0.1,FAIL
2025-05-25 09:18:35,charlie,10.10.10.5,FAIL
2025-05-25 08:28:01,jane,172.16.0.1,SUCCESS
2025-05-25 09:20:58,jane,172.16.0.1,FAIL
2025-05-25 08:47:09,john,10.10.10.5,FAIL
2025-05-25 08:49:10,bob,172.16.0.1,SUCCESS
2025-05-25 08:52:49,john,192.168.1.10,FAIL
2025-05-25 08:14:27,bob,203.0.113.5,FAIL
2025-05-25 08:46:03,alice,192.168.1.10,FAIL
2025-05-25 08:00:34,alice,10.10.10.5,SUCCESS
2025-05-25 09:23:22,alice,203.0.113.5,FAIL
2025-05-25 08:21:12,alice,10.10.10.5,FAIL
2025-05-25 08:42:31,alice,192.168.1.20,FAIL
2025-05-25 09:56:48,john,192.168.1.20,SUCCESS
2025-05-25 08:37:03,john,172.16.0.1,SUCCESS
2025-05-25 08:42:03,jane,10.10.10.5,FAIL
2025-05-25 08:11:27,charlie,203.0.113.5,FAIL
2025-05-25 08:05:02,john,172.16.0.1,FAIL
2025-05-25 08:00:13,john,192.168.1.20,FAIL
2025-05-25 09:02:54,alice,10.10.10.5,FAIL
2025-05-25 09:26:04,jane,192.168.1.10,FAIL
2025-05-25 09:19:37,charlie,192.168.1.20,SUCCESS
2025-05-25 08:26:33,bob,10.10.10.5,FAIL
2025-05-25 08:59:34,jane,203.0.113.5,FAIL
2025-05-25 08:29:43,charlie,203.0.113.5,FAIL
2025-05-25 09:22:07,bob,192.168.1.10,FAIL
2025-05-25 08:07:11,charlie,10.10.10.5,FAIL
2025-05-25 08:24:03,jane,192.168.1.20,FAIL
2025-05-25 08:37:46,bob,10.10.10.5,FAIL
2025-05-25 09:44:28,jane,192.168.1.20,FAIL
2025-05-25 09:05:29,bob,192.168.1.10,SUCCESS
2025-05-25 08:11:14,charlie,203.0.113.5,FAIL
2025-05-25 08:43:33,bob,172.16.0.1,FAIL
2025-05-25 08:17:05,jane,10.10.10.5,FAIL
2025-05-25 08:38:33,jane,203.0.113.5,FAIL
2025-05-25 08:06:16,alice,192.168.1.10,FAIL
2025-05-25 08:41:04,charlie,203.0.113.5,FAIL
2025-05-25 08:29:03,john,203.0.113.5,FAIL
2025-05-25 09:33:22,alice,172.16.0.1,SUCCESS
2025-05-25 08:19:18,alice,192.168.1.20,FAIL
2025-05-25 09:18:36,bob,192.168.1.20,FAIL
2025-05-25 08:53:23,john,192.168.1.20,FAIL
2025-05-25 08:08:36,charlie,203.0.113.5,FAIL
2025-05-25 08:03:36,charlie,192.168.1.20,FAIL
2025-05-25 09:50:13,jane,203.0.113.5,FAIL
2025-05-25 09:26:17,jane,10.10.10.5,FAIL
2025-05-25 09:00:01,john,192.168.1.10,SUCCESS
2025-05-25 09:53:16,bob,10.10.10.5,FAIL
2025-05-25 08:05:00,charlie,172.16.0.1,FAIL
2025-05-25 08:46:33,john,203.0.113.5,SUCCESS
2025-05-25 08:48:35,john,192.168.1.20,FAIL
2025-05-25 08:48:46,charlie,203.0.113.5,SUCCESS
2025-05-25 08:09:08,jane,192.168.1.10,SUCCESS
2025-05-25 09:33:13,bob,192.168.1.20,FAIL
2025-05-25 08:50:50,john,203.0.113.5,FAIL
2025-05-25 09:40:34,jane,192.168.1.20,FAIL
2025-05-25 08:19:31,john,192.168.1.20,FAIL
2025-05-25 08:18:55,jane,192.168.1.20,FAIL
2025-05-25 09:39:24,alice,192.168.1.10,FAIL
2025-05-25 08:54:28,bob,172.16.0.1,FAIL
2025-05-25 08:28:57,jane,192.168.1.10,FAIL
2025-05-25 09:05:07,jane,203.0.113.5,FAIL
2025-05-25 08:40:11,john,172.16.0.1,FAIL
2025-05-25 09:37:19,alice,172.16.0.1,FAIL
2025-05-25 08:51:10,jane,192.168.1.20,FAIL
2025-05-25 08:35:23,alice,172.16.0.1,FAIL
2025-05-25 08:09:10,alice,203.0.113.5,FAIL
2025-05-25 09:08:30,john,192.168.1.10,FAIL
2025-05-25 09:26:47,alice,172.16.0.1,FAIL
2025-05-25 09:58:28,jane,172.16.0.1,FAIL
2025-05-25 09:49:07,john,203.0.113.5,FAIL
2025-05-25 08:26:41,alice,203.0.113.5,FAIL
2025-05-25 08:50:29,alice,10.10.10.5,FAIL
2025-05-25 09:39:44,alice,203.0.113.5,FAIL
2025-05-25 08:19:15,alice,192.168.1.10,FAIL
2025-05-25 09:20:23,alice,172.16.0.1,FAIL
2025-05-25 09:23:49,jane,203.0.113.5,FAIL
2025-05-25 09:15:10,bob,10.10.10.5,FAIL
2025-05-25 09:46:45,john,192.168.1.10,FAIL
2025-05-25 08:00:06,jane,192.168.1.10,FAIL
2025-05-25 08:02:33,bob,172.16.0.1,SUCCESS
2025-05-25 09:58:23,bob,192.168.1.10,FAIL
2025-05-25 08:32:40,charlie,192.168.1.10,FAIL
2025-05-25 08:35:38,jane,203.0.113.5,FAIL
2025-05-25 09:48:23,alice,192.168.1.20,FAIL
2025-05-25 09:00:49,jane,192.168.1.20,SUCCESS
2025-05-25 09:49:31,jane,192.168.1.20,SUCCESS
2025-05-25 09:53:52,jane,10.10.10.5,FAIL
2025-05-25 08:09:51,charlie,192.168.1.10,FAIL
2025-05-25 09:38:50,alice,192.168.1.10,FAIL
2025-05-25 09:45:48,jane,172.16.0.1,FAIL
2025-05-25 09:46:33,john,172.16.0.1,FAIL
2025-05-25 08:12:13,alice,192.168.1.20,SUCCESS
2025-05-25 09:27:01,jane,10.10.10.5,FAIL
2025-05-25 08:35:37,jane,203.0.113.5,FAIL
2025-05-25 08:30:12,alice,192.168.1.10,SUCCESS
2025-05-25 09:41:27,bob,10.10.10.5,FAIL
2025-05-25 09:22:39,bob,192.168.1.20,FAIL
2025-05-25 09:06:58,charlie,192.168.1.10,FAIL
2025-05-25 08:54:05,charlie,192.168.1.20,FAIL
2025-05-25 09:42:45,alice,192.168.1.20,FAIL
2025-05-25 09:31:00,charlie,192.168.1.20,FAIL
2025-05-25 09:19:12,john,203.0.113.5,SUCCESS
2025-05-25 09:32:09,bob,10.10.10.5,FAIL
2025-05-25 09:36:09,alice,203.0.113.5,FAIL
2025-05-25 09:55:58,alice,203.0.113.5,FAIL
2025-05-25 09:10:12,bob,203.0.113.5,FAIL
2025-05-25 09:20:18,bob,192.168.1.20,FAIL
2025-05-25 08:49:12,alice,203.0.113.5,FAIL
2025-05-25 09:18:15,john,10.10.10.5,FAIL
2025-05-25 09:21:17,alice,192.168.1.10,FAIL
2025-05-25 08:40:35,john,10.10.10.5,FAIL
2025-05-25 09:36:03,jane,10.10.10.5,FAIL
2025-05-25 09:42:10,alice,172.16.0.1,FAIL
2025-05-25 09:54:46,jane,172.16.0.1,SUCCESS
2025-05-25 09:12:41,charlie,203.0.113.5,FAIL
2025-05-25 08:05:06,charlie,203.0.113.5,FAIL
2025-05-25 08:14:41,jane,192.168.1.10,FAIL
2025-05-25 09:43:43,john,192.168.1.10,SUCCESS
2025-05-25 08:49:25,alice,192.168.1.10,FAIL
2025-05-25 08:13:56,alice,192.168.1.10,SUCCESS
2025-05-25 09:21:28,bob,192.168.1.10,SUCCESS
2025-05-25 08:39:50,charlie,192.168.1.20,FAIL
2025-05-25 09:50:29,jane,192.168.1.10,FAIL
2025-05-25 09:59:15,jane,192.168.1.10,FAIL
2025-05-25 09:47:45,bob,203.0.113.5,FAIL
2025-05-25 09:37:27,jane,172.16.0.1,FAIL
2025-05-25 09:54:21,bob,10.10.10.5,FAIL
2025-05-25 09:24:50,bob,192.168.1.10,FAIL
2025-05-25 09:43:53,charlie,192.168.1.10,FAIL
2025-05-25 09:38:08,jane,10.10.10.5,FAIL
2025-05-25 09:38:29,bob,203.0.113.5,FAIL
2025-05-25 08:30:27,alice,192.168.1.10,SUCCESS
2025-05-25 09:57:46,charlie,10.10.10.5,SUCCESS
2025-05-25 09:10:56,alice,203.0.113.5,FAIL
2025-05-25 09:07:48,jane,192.168.1.10,FAIL
2025-05-25 08:50:02,john,192.168.1.20,FAIL
2025-05-25 08:50:22,charlie,172.16.0.1,FAIL
2025-05-25 09:33:50,charlie,10.10.10.5,FAIL
2025-05-25 09:35:44,alice,192.168.1.20,FAIL
2025-05-25 09:09:12,bob,192.168.1.20,FAIL
2025-05-25 08:34:17,alice,172.16.0.1,FAIL
2025-05-25 08:59:31,alice,10.10.10.5,FAIL
2025-05-25 09:06:52,bob,192.168.1.10,FAIL
2025-05-25 08:50:55,alice,192.168.1.10,FAIL
2025-05-25 09:11:06,alice,192.168.1.10,FAIL
2025-05-25 09:07:04,bob,192.168.1.20,SUCCESS
2025-05-25 09:49:23,john,192.168.1.10,FAIL
2025-05-25 08:12:24,jane,10.10.10.5,SUCCESS
2025-05-25 09:52:26,jane,203.0.113.5,SUCCESS
2025-05-25 08:48:38,john,172.16.0.1,FAIL
2025-05-25 08:37:18,john,192.168.1.10,SUCCESS
2025-05-25 08:34:03,charlie,10.10.10.5,FAIL
2025-05-25 08:17:22,alice,192.168.1.10,FAIL
2025-05-25 08:28:03,jane,10.10.10.5,SUCCESS
2025-05-25 08:37:53,alice,192.168.1.10,FAIL
2025-05-25 09:25:40,alice,10.10.10.5,SUCCESS
2025-05-25 08:28:53,bob,192.168.1.10,SUCCESS
2025-05-25 09:27:37,john,172.16.0.1,FAIL
2025-05-25 08:08:20,jane,203.0.113.5,FAIL
2025-05-25 08:17:46,charlie,10.10.10.5,FAIL
2025-05-25 08:22:52,jane,192.168.1.20,FAIL
2025-05-25 08:43:33,bob,10.10.10.5,FAIL
2025-05-25 09:16:11,charlie,203.0.113.5,FAIL
2025-05-25 09:21:08,alice,203.0.113.5,SUCCESS
2025-05-25 08:59:17,jane,10.10.10.5,SUCCESS
2025-05-25 09:05:10,alice,10.10.10.5,FAIL
2025-05-25 08:23:18,bob,172.16.0.1,FAIL
2025-05-25 09:40:06,john,192.168.1.20,FAIL
2025-05-25 09:12:06,alice,203.0.113.5,SUCCESS
2025-05-25 08:32:55,charlie,192.168.1.20,SUCCESS
2025-05-25 08:37:54,bob,203.0.113.5,FAIL
2025-05-25 09:34:02,alice,172.16.0.1,FAIL
2025-05-25 08:58:50,jane,203.0.113.5,FAIL
2025-05-25 09:04:35,john,10.10.10.5,FAIL
2025-05-25 08:32:47,jane,172.16.0.1,FAIL
2025-05-25 09:30:48,john,172.16.0.1,FAIL
2025-05-25 08:33:48,bob,192.168.1.20,SUCCESS
2025-05-25 08:44:33,bob,172.16.0.1,FAIL
2025-05-25 09:08:08,alice,192.168.1.10,FAIL
2025-05-25 08:56:47,alice,172.16.0.1,FAIL
2025-05-25 08:00:17,alice,203.0.113.5,FAIL
2025-05-25 09:05:51,john,192.168.1.10,SUCCESS
2025-05-25 09:07:17,charlie,172.16.0.1,FAIL
2025-05-25 09:28:56,charlie,172.16.0.1,FAIL
2025-05-25 09:52:00,bob,203.0.113.5,FAIL
2025-05-25 09:47:17,jane,203.0.113.5,FAIL
2025-05-25 09:31:46,alice,10.10.10.5,FAIL
2025-05-25 09:37:50,charlie,10.10.10.5,FAIL
2025-05-25 08:57:13,bob,10.10.10.5,FAIL
2025-05-25 09:47:23,john,10.10.10.5,FAIL
2025-05-25 09:46:45,charlie,192.168.1.10,FAIL
2025-05-25 08:33:48,charlie,172.16.0.1,SUCCESS
2025-05-25 09:06:30,charlie,192.168.1.20,FAIL
2025-05-25 08:11:15,charlie,192.168.1.10,SUCCESS
2025-05-25 09:03:07,jane,192.168.1.20,FAIL
2025-05-25 09:35:12,charlie,203.0.113.5,SUCCESS
2025-05-25 09:15:35,jane,203.0.113.5,SUCCESS
2025-05-25 09:31:24,alice,192.168.1.20,SUCCESS
2025-05-25 08:03:38,alice,203.0.113.5,FAIL
2025-05-25 09:53:39,john,10.10.10.5,FAIL
2025-05-25 09:07:21,john,203.0.113.5,FAIL
2025-05-25 08:00:57,jane,10.10.10.5,FAIL
2025-05-25 08:48:26,alice,172.16.0.1,SUCCESS
2025-05-25 09:17:40,bob,203.0.113.5,FAIL
2025-05-25 09:59:44,alice,203.0.113.5,FAIL
2025-05-25 08:15:11,charlie,192.168.1.20,FAIL
2025-05-25 08:56:56,bob,10.10.10.5,FAIL
2025-05-25 08:13:51,charlie,172.16.0.1,SUCCESS
2025-05-25 08:56:26,bob,203.0.113.5,FAIL
2025-05-25 08:51:36,charlie,192.168.1.10,SUCCESS
2025-05-25 09:07:45,alice,192.168.1.10,FAIL
2025-05-25 08:12:58,bob,192.168.1.20,FAIL
2025-05-25 09:05:49,jane,10.10.10.5,FAIL
2025-05-25 08:41:48,alice,203.0.113.5,SUCCESS
2025-05-25 09:59:56,alice,10.10.10.5,FAIL
2025-05-25 09:14:01,alice,192.168.1.10,FAIL
2025-05-25 08:39:09,jane,192.168.1.10,FAIL
2025-05-25 09:25:58,bob,172.16.0.1,FAIL
2025-05-25 08:18:30,charlie,192.168.1.20,FAIL
2025-05-25 08:11:14,jane,192.168.1.10,FAIL
2025-05-25 09:49:47,jane,192.168.1.10,FAIL
2025-05-25 09:48:31,charlie,203.0.113.5,FAIL
2025-05-25 09:33:33,jane,192.168.1.10,FAIL
2025-05-25 09:18:50,alice,192.168.1.20,FAIL
2025-05-25 09:35:43,charlie,203.0.113.5,FAIL
2025-05-25 09:52:37,jane,192.168.1.20,SUCCESS
2025-05-25 08:55:57,charlie,172.16.0.1,SUCCESS
2025-05-25 09:18:33,john,10.10.10.5,FAIL
2025-05-25 09:10:35,charlie,192.168.1.10,SUCCESS
2025-05-25 09:05:36,alice,192.168.1.20,FAIL
2025-05-25 08:08:13,bob,10.10.10.5,FAIL
2025-05-25 09:12:13,bob,192.168.1.20,FAIL
2025-05-25 09:49:29,charlie,192.168.1.20,FAIL
2025-05-25 08:23:16,john,192.168.1.20,FAIL
2025-05-25 08:05:02,alice,203.0.113.5,FAIL
2025-05-25 09:40:14,charlie,203.0.113.5,FAIL
2025-05-25 09:04:07,charlie,203.0.113.5,SUCCESS
2025-05-25 08:54:40,jane,172.16.0.1,FAIL
2025-05-25 09:33:11,alice,203.0.113.5,FAIL
2025-05-25 09:44:04,charlie,172.16.0.1,FAIL
2025-05-25 08:17:29,alice,203.0.113.5,FAIL
2025-05-25 08:03:05,alice,203.0.113.5,FAIL
2025-05-25 08:20:20,bob,10.10.10.5,SUCCESS
2025-05-25 08:53:53,bob,192.168.1.20,SUCCESS
2025-05-25 08:48:25,john,172.16.0.1,FAIL
2025-05-25 09:20:31,jane,203.0.113.5,FAIL
2025-05-25 09:07:49,john,192.168.1.10,FAIL
2025-05-25 08:27:02,alice,203.0.113.5,FAIL
2025-05-25 08:44:54,charlie,192.168.1.20,FAIL
2025-05-25 09:20:30,alice,192.168.1.10,FAIL
2025-05-25 09:12:23,charlie,192.168.1.20,FAIL
2025-05-25 08:21:36,john,172.16.0.1,FAIL
2025-05-25 09:53:09,alice,192.168.1.10,SUCCESS
2025-05-25 08:08:45,jane,172.16.0.1,FAIL
2025-05-25 09:28:16,charlie,192.168.1.10,SUCCESS
2025-05-25 08:26:30,jane,203.0.113.5,FAIL
2025-05-25 09:05:41,john,172.16.0.1,FAIL
2025-05-25 08:58:53,bob,192.168.1.20,FAIL
2025-05-25 08:46:29,jane,192.168.1.20,SUCCESS
2025-05-25 08:27:58,charlie,172.16.0.1,FAIL
2025-05-25 08:00:42,bob,203.0.113.5,FAIL
2025-05-25 09:08:06,bob,203.0.113.5,SUCCESS
2025-05-25 08:15:37,alice,203.0.113.5,FAIL
2025-05-25 09:34:02,john,192.168.1.10,SUCCESS
2025-05-25 09:50:49,john,192.168.1.10,SUCCESS
2025-05-25 08:00:03,jane,10.10.10.5,SUCCESS
2025-05-25 09:51:59,bob,10.10.10.5,SUCCESS
2025-05-25 09:35:47,jane,203.0.113.5,FAIL
2025-05-25 09:54:10,charlie,203.0.113.5,FAIL
2025-05-25 08:30:37,jane,10.10.10.5,SUCCESS
2025-05-25 09:02:52,bob,203.0.113.5,FAIL
2025-05-25 09:40:20,john,203.0.113.5,FAIL
2025-05-25 09:29:57,john,203.0.113.5,FAIL
2025-05-25 08:41:07,john,192.168.1.20,SUCCESS
2025-05-25 09:21:26,charlie,192.168.1.10,SUCCESS
2025-05-25 08:23:58,jane,10.10.10.5,FAIL
2025-05-25 09:21:38,charlie,172.16.0.1,FAIL
2025-05-25 08:20:38,charlie,192.168.1.20,FAIL
2025-05-25 08:52:51,jane,203.0.113.5,SUCCESS
2025-05-25 08:42:05,charlie,10.10.10.5,FAIL
2025-05-25 08:51:56,john,10.10.10.5,FAIL
2025-05-25 08:08:49,charlie,203.0.113.5,FAIL
2025-05-25 09:25:09,bob,203.0.113.5,FAIL
2025-05-25 08:08:07,bob,192.168.1.20,FAIL
2025-05-25 09:10:40,john,203.0.113.5,FAIL
2025-05-25 09:23:36,charlie,192.168.1.20,FAIL
2025-05-25 08:05:21,bob,192.168.1.10,SUCCESS
2025-05-25 09:32:30,bob,10.10.10.5,FAIL
2025-05-25 08:22:25,john,192.168.1.20,FAIL
2025-05-25 08:26:12,jane,10.10.10.5,FAIL
2025-05-25 08:46:29,alice,192.168.1.20,FAIL
2025-05-25 08:48:14,alice,10.10.10.5,SUCCESS
2025-05-25 08:57:01,alice,203.0.113.5,FAIL
2025-05-25 09:50:03,bob,192.168.1.20,FAIL
2025-05-25 08:24:51,charlie,172.16.0.1,FAIL
2025-05-25 08:13:22,john,192.168.1.10,FAIL
2025-05-25 08:44:35,alice,192.168.1.10,FAIL
2025-05-25 08:56:51,alice,172.16.0.1,FAIL
2025-05-25 09:11:32,alice,203.0.113.5,FAIL
2025-05-25 09:28:53,jane,172.16.0.1,SUCCESS
2025-05-25 09:54:11,john,10.10.10.5,FAIL
2025-05-25 08:59:52,john,172.16.0.1,SUCCESS
2025-05-25 08:44:39,charlie,192.168.1.10,FAIL
2025-05-25 09:16:40,alice,172.16.0.1,SUCCESS
2025-05-25 08:51:40,alice,203.0.113.5,FAIL
2025-05-25 09:09:54,bob,172.16.0.1,FAIL
2025-05-25 09:09:03,jane,192.168.1.20,FAIL
2025-05-25 09:12:22,john,10.10.10.5,FAIL
2025-05-25 09:28:17,charlie,172.16.0.1,FAIL
2025-05-25 08:47:24,john,172.16.0.1,FAIL
2025-05-25 08:14:28,alice,203.0.113.5,SUCCESS
2025-05-25 08:22:11,charlie,192.168.1.10,SUCCESS
2025-05-25 08:21:36,alice,172.16.0.1,FAIL
2025-05-25 08:45:52,jane,10.10.10.5,FAIL
2025-05-25 08:40:18,bob,192.168.1.10,FAIL
2025-05-25 09:04:45,jane,192.168.1.20,FAIL
2025-05-25 08:28:20,alice,192.168.1.10,FAIL
2025-05-25 08:45:38,jane,192.168.1.20,FAIL
2025-05-25 08:02:08,bob,172.16.0.1,FAIL
2025-05-25 09:00:30,charlie,192.168.1.20,SUCCESS
2025-05-25 08:42:24,alice,10.10.10.5,SUCCESS
2025-05-25 09:48:42,alice,172.16.0.1,FAIL
2025-05-25 08:11:50,bob,203.0.113.5,SUCCESS
2025-05-25 09:28:53,john,192.168.1.20,FAIL
2025-05-25 09:47:24,alice,172.16.0.1,SUCCESS
2025-05-25 09:23:30,charlie,172.16.0.1,FAIL
2025-05-25 09:04:46,charlie,172.16.0.1,FAIL
2025-05-25 09:42:18,jane,10.10.10.5,FAIL
2025-05-25 09:03:34,jane,192.168.1.10,FAIL
2025-05-25 09:13:33,charlie,192.168.1.20,FAIL
2025-05-25 08:16:43,alice,203.0.113.5,SUCCESS
2025-05-25 08:13:48,charlie,172.16.0.1,FAIL
2025-05-25 09:41:45,bob,172.16.0.1,FAIL
2025-05-25 08:05:26,charlie,192.168.1.20,FAIL
2025-05-25 08:37:31,bob,192.168.1.10,FAIL
2025-05-25 09:32:10,jane,10.10.10.5,FAIL
2025-05-25 08:28:09,john,172.16.0.1,FAIL
2025-05-25 08:05:04,jane,203.0.113.5,FAIL
2025-05-25 09:00:41,jane,192.168.1.20,SUCCESS
2025-05-25 08:43:50,john,10.10.10.5,FAIL
2025-05-25 09:21:56,alice,192.168.1.10,FAIL
2025-05-25 09:09:12,bob,192.168.1.10,FAIL
2025-05-25 08:42:29,jane,172.16.0.1,FAIL
2025-05-25 09:09:56,alice,172.16.0.1,FAIL
2025-05-25 09:27:35,bob,192.168.1.10,FAIL
2025-05-25 09:00:12,charlie,192.168.1.20,FAIL
2025-05-25 08:17:40,bob,172.16.0.1,FAIL
2025-05-25 09:42:20,jane,203.0.113.5,FAIL
2025-05-25 09:06:20,alice,203.0.113.5,FAIL
2025-05-25 08:59:14,alice,192.168.1.20,FAIL
2025-05-25 09:04:38,jane,192.168.1.20,FAIL
2025-05-25 08:43:37,jane,192.168.1.10,FAIL
2025-05-25 08:22:05,jane,172.16.0.1,FAIL
2025-05-25 08:07:25,charlie,172.16.0.1,FAIL
2025-05-25 08:58:48,jane,192.168.1.10,FAIL
2025-05-25 08:27:30,bob,192.168.1.10,FAIL
2025-05-25 08:15:03,john,172.16.0.1,FAIL
2025-05-25 08:00:04,charlie,192.168.1.20,FAIL
2025-05-25 09:45:56,jane,172.16.0.1,FAIL
2025-05-25 09:21:40,john,203.0.113.5,FAIL
2025-05-25 09:12:47,bob,192.168.1.20,FAIL
2025-05-25 08:40:20,alice,10.10.10.5,FAIL
2025-05-25 09:56:43,bob,203.0.113.5,FAIL
2025-05-25 09:01:02,charlie,192.168.1.10,SUCCESS
2025-05-25 08:05:41,bob,203.0.113.5,SUCCESS
2025-05-25 08:43:42,charlie,203.0.113.5,FAIL
2025-05-25 08:05:17,bob,172.16.0.1,FAIL
2025-05-25 08:15:47,charlie,172.16.0.1,FAIL
2025-05-25 09:04:02,alice,192.168.1.20,FAIL
2025-05-25 08:08:31,charlie,192.168.1.20,FAIL
2025-05-25 09:30:33,bob,192.168.1.10,FAIL
2025-05-25 09:53:27,jane,203.0.113.5,FAIL
2025-05-25 08:33:40,bob,192.168.1.20,FAIL
2025-05-25 09:21:52,alice,192.168.1.10,FAIL
2025-05-25 08:46:16,jane,172.16.0.1,FAIL
2025-05-25 09:59:36,charlie,172.16.0.1,SUCCESS
2025-05-25 09:57:23,jane,172.16.0.1,FAIL
2025-05-25 09:19:13,charlie,192.168.1.20,FAIL
2025-05-25 08:23:03,john,172.16.0.1,FAIL
2025-05-25 09:14:27,john,192.168.1.20,FAIL
2025-05-25 09:02:57,bob,10.10.10.5,FAIL
2025-05-25 08:39:03,jane,10.10.10.5,FAIL
2025-05-25 08:34:49,john,10.10.10.5,FAIL
2025-05-25 08:30:22,john,192.168.1.20,SUCCESS
2025-05-25 09:50:20,jane,172.16.0.1,FAIL
2025-05-25 08:15:29,bob,203.0.113.5,FAIL
2025-05-25 09:24:30,alice,172.16.0.1,SUCCESS
2025-05-25 08:55:02,alice,203.0.113.5,FAIL
2025-05-25 09:33:07,jane,172.16.0.1,FAIL
2025-05-25 09:24:11,charlie,192.168.1.20,FAIL
2025-05-25 09:29:01,jane,203.0.113.5,FAIL
2025-05-25 08:18:01,alice,10.10.10.5,FAIL
2025-05-25 09:42:59,bob,203.0.113.5,FAIL
2025-05-25 09:40:29,alice,172.16.0.1,FAIL
2025-05-25 09:18:24,charlie,192.168.1.10,FAIL
2025-05-25 08:08:09,bob,172.16.0.1,FAIL
2025-05-25 08:02:06,charlie,172.16.0.1,FAIL
2025-05-25 09:45:05,bob,192.168.1.10,FAIL
2025-05-25 09:36:35,bob,172.16.0.1,SUCCESS
2025-05-25 08:31:03,john,203.0.113.5,SUCCESS
2025-05-25 08:12:18,john,203.0.113.5,FAIL
2025-05-25 08:27:47,john,192.168.1.10,FAIL
2025-05-25 09:22:07,charlie,10.10.10.5,SUCCESS
2025-05-25 08:33:29,alice,192.168.1.10,FAIL
2025-05-25 08:13:44,jane,192.168.1.10,FAIL
2025-05-25 08:23:27,bob,10.10.10.5,FAIL
2025-05-25 08:47:39,jane,203.0.113.5,FAIL
2025-05-25 09:44:20,charlie,203.0.113.5,FAIL
2025-05-25 08:51:40,john,172.16.0.1,FAIL
2025-05-25 08:32:45,alice,172.16.0.1,FAIL
2025-05-25 09:36:18,bob,172.16.0.1,FAIL
2025-05-25 08:13:04,john,10.10.10.5,FAIL
2025-05-25 08:06:08,bob,192.168.1.20,FAIL
2025-05-25 09:00:18,charlie,172.16.0.1,FAIL
2025-05-25 08:15:51,john,192.168.1.10,SUCCESS
2025-05-25 09:35:21,alice,192.168.1.10,FAIL
2025-05-25 08:21:20,john,203.0.113.5,FAIL
2025-05-25 09:00:38,jane,192.168.1.20,FAIL
2025-05-25 09:24:26,bob,172.16.0.1,FAIL
2025-05-25 08:09:47,jane,192.168.1.10,SUCCESS
2025-05-25 09:45:34,john,10.10.10.5,FAIL
2025-05-25 09:53:07,alice,10.10.10.5,SUCCESS
2025-05-25 09:50:47,bob,192.168.1.20,FAIL
2025-05-25 09:56:58,john,203.0.113.5,FAIL
2025-05-25 09:52:23,jane,203.0.113.5,FAIL
2025-05-25 09:34:19,charlie,172.16.0.1,FAIL
2025-05-25 09:01:51,alice,192.168.1.20,FAIL
2025-05-25 08:45:46,john,192.168.1.20,FAIL
2025-05-25 09:35:19,alice,203.0.113.5,FAIL
2025-05-25 08:09:36,alice,192.168.1.20,FAIL
2025-05-25 08:11:48,alice,203.0.113.5,FAIL
2025-05-25 09:03:31,charlie,172.16.0.1,SUCCESS
2025-05-25 09:52:39,alice,10.10.10.5,FAIL
2025-05-25 08:16:26,charlie,203.0.113.5,FAIL
2025-05-25 08:21:58,alice,10.10.10.5,FAIL
2025-05-25 08:47:11,jane,203.0.113.5,FAIL
2025-05-25 08:23:52,charlie,192.168.1.20,FAIL
2025-05-25 09:28:21,john,10.10.10.5,FAIL
2025-05-25 09:38:41,bob,192.168.1.10,FAIL
2025-05-25 09:06:48,charlie,172.16.0.1,FAIL
2025-05-25 08:54:06,bob,192.168.1.20,SUCCESS
2025-05-25 09:10:15,jane,10.10.10.5,FAIL
2025-05-25 09:23:53,bob,10.10.10.5,FAIL
2025-05-25 09:58:46,jane,192.168.1.20,FAIL
2025-05-25 08:01:11,charlie,203.0.113.5,FAIL
2025-05-25 09:13:21,alice,10.10.10.5,FAIL
2025-05-25 09:56:32,jane,10.10.10.5,FAIL
2025-05-25 09:18:50,alice,192.168.1.20,SUCCESS
2025-05-25 09:25:12,john,10.10.10.5,FAIL
2025-05-25 08:04:13,alice,192.168.1.20,SUCCESS
2025-05-25 08:23:47,john,192.168.1.10,FAIL
2025-05-25 08:01:16,jane,10.10.10.5,FAIL
2025-05-25 09:55:10,charlie,192.168.1.10,FAIL
2025-05-25 09:04:29,john,203.0.113.5,FAIL
2025-05-25 08:02:41,charlie,10.10.10.5,SUCCESS
2025-05-25 08:32:08,bob,172.16.0.1,FAIL
2025-05-25 09:43:25,jane,10.10.10.5,FAIL
2025-05-25 08:50:03,bob,192.168.1.10,FAIL
2025-05-25 09:52:40,jane,192.168.1.10,FAIL
2025-05-25 09:31:10,charlie,192.168.1.10,FAIL
2025-05-25 08:01:54,jane,203.0.113.5,SUCCESS
2025-05-25 08:13:02,bob,10.10.10.5,FAIL
2025-05-25 08:54:10,charlie,172.16.0.1,FAIL
2025-05-25 08:43:36,jane,10.10.10.5,FAIL
2025-05-25 08:50:41,charlie,10.10.10.5,SUCCESS
2025-05-25 08:37:25,jane,192.168.1.10,SUCCESS
2025-05-25 08:18:40,charlie,10.10.10.5,FAIL
2025-05-25 09:25:14,john,203.0.113.5,FAIL
2025-05-25 09:10:08,bob,172.16.0.1,FAIL
2025-05-25 09:07:59,alice,10.10.10.5,FAIL
2025-05-25 08:37:26,bob,192.168.1.10,SUCCESS
2025-05-25 09:29:50,jane,203.0.113.5,FAIL
2025-05-25 08:56:44,bob,203.0.113.5,FAIL
2025-05-25 09:52:08,john,192.168.1.20,FAIL
2025-05-25 08:05:25,john,10.10.10.5,SUCCESS
2025-05-25 09:15:27,alice,10.10.10.5,FAIL
2025-05-25 09:08:14,charlie,192.168.1.10,FAIL
2025-05-25 09:08:06,alice,192.168.1.10,FAIL
2025-05-25 08:48:17,john,192.168.1.20,SUCCESS
2025-05-25 08:15:00,bob,192.168.1.10,SUCCESS
2025-05-25 09:42:42,john,192.168.1.20,FAIL
2025-05-25 08:57:08,alice,192.168.1.10,FAIL
2025-05-25 09:57:26,alice,192.168.1.20,SUCCESS
2025-05-25 09:34:59,jane,203.0.113.5,FAIL
2025-05-25 09:33:03,jane,192.168.1.10,FAIL
2025-05-25 09:34:12,alice,172.16.0.1,FAIL
2025-05-25 09:23:17,charlie,192.168.1.20,SUCCESS
2025-05-25 08:15:09,charlie,192.168.1.10,FAIL
2025-05-25 08:21:20,charlie,10.10.10.5,FAIL
2025-05-25 09:15:14,alice,203.0.113.5,FAIL
2025-05-25 09:12:24,bob,10.10.10.5,FAIL
2025-05-25 09:57:13,john,203.0.113.5,FAIL
2025-05-25 09:48:19,jane,172.16.0.1,SUCCESS
2025-05-25 09:50:03,alice,203.0.113.5,FAIL
2025-05-25 09:40:18,bob,10.10.10.5,FAIL
2025-05-25 08:32:34,alice,192.168.1.20,SUCCESS
2025-05-25 09:13:22,charlie,192.168.1.20,FAIL
2025-05-25 08:19:24,john,192.168.1.10,FAIL
2025-05-25 08:19:23,jane,192.168.1.10,FAIL
2025-05-25 08:02:00,charlie,203.0.113.5,FAIL
2025-05-25 08:27:08,bob,10.10.10.5,FAIL
2025-05-25 09:21:58,john,10.10.10.5,SUCCESS
2025-05-25 09:31:27,jane,192.168.1.20,FAIL
2025-05-25 09:38:54,bob,192.168.1.10,FAIL
2025-05-25 08:14:18,bob,203.0.113.5,FAIL
2025-05-25 09:23:18,alice,10.10.10.5,FAIL
2025-05-25 08:11:28,bob,192.168.1.10,FAIL
2025-05-25 09:31:35,alice,192.168.1.20,FAIL
2025-05-25 09:11:54,john,192.168.1.10,SUCCESS
2025-05-25 09:05:25,jane,192.168.1.20,FAIL
2025-05-25 09:46:07,charlie,172.16.0.1,FAIL
2025-05-25 08:59:51,charlie,10.10.10.5,FAIL
2025-05-25 09:50:03,john,192.168.1.20,FAIL
2025-05-25 08:06:50,bob,192.168.1.10,SUCCESS
2025-05-25 08:39:28,jane,10.10.10.5,SUCCESS
2025-05-25 09:55:34,charlie,10.10.10.5,SUCCESS
2025-05-25 09:46:40,bob,192.168.1.20,FAIL
2025-05-25 09:59:08,bob,192.168.1.20,FAIL
2025-05-25 08:54:41,jane,192.168.1.10,FAIL
2025-05-25 08:52:04,bob,203.0.113.5,FAIL
2025-05-25 08:09:42,charlie,172.16.0.1,FAIL
2025-05-25 09:54:14,bob,10.10.10.5,FAIL
2025-05-25 09:21:19,bob,203.0.113.5,SUCCESS
2025-05-25 08:42:24,bob,203.0.113.5,SUCCESS
2025-05-25 09:51:37,charlie,192.168.1.10,FAIL
2025-05-25 09:25:44,bob,192.168.1.20,SUCCESS
2025-05-25 09:20:05,jane,203.0.113.5,FAIL
2025-05-25 09:41:50,jane,192.168.1.20,FAIL
2025-05-25 08:02:28,john,203.0.113.5,FAIL
2025-05-25 09:19:38,bob,172.16.0.1,FAIL
2025-05-25 08:51:48,john,192.168.1.10,FAIL
2025-05-25 08:07:48,bob,203.0.113.5,FAIL
2025-05-25 09:52:15,john,192.168.1.20,FAIL
2025-05-25 09:31:40,john,10.10.10.5,SUCCESS
2025-05-25 08:22:32,bob,10.10.10.5,FAIL
2025-05-25 09:42:58,alice,10.10.10.5,FAIL
2025-05-25 08:00:55,bob,192.168.1.10,FAIL
2025-05-25 08:18:45,charlie,192.168.1.10,SUCCESS
2025-05-25 08:28:02,john,10.10.10.5,FAIL
2025-05-25 09:16:13,jane,192.168.1.20,FAIL
2025-05-25 09:48:08,bob,10.10.10.5,FAIL
2025-05-25 08:12:45,bob,203.0.113.5,FAIL
2025-05-25 08:03:21,bob,192.168.1.20,FAIL
2025-05-25 09:10:54,jane,10.10.10.5,FAIL
2025-05-25 09:33:33,bob,10.10.10.5,FAIL
2025-05-25 08:45:58,john,192.168.1.10,FAIL
2025-05-25 09:47:19,john,192.168.1.10,FAIL
2025-05-25 08:34:17,jane,10.10.10.5,FAIL
2025-05-25 08:25:49,jane,192.168.1.20,FAIL
2025-05-25 08:05:07,john,203.0.113.5,FAIL
2025-05-25 08:41:14,bob,192.168.1.10,FAIL
2025-05-25 09:32:45,charlie,172.16.0.1,FAIL
2025-05-25 08:27:29,bob,203.0.113.5,FAIL
2025-05-25 09:40:23,bob,203.0.113.5,FAIL
2025-05-25 08:51:55,john,192.168.1.20,FAIL
2025-05-25 09:58:08,charlie,192.168.1.10,FAIL
2025-05-25 09:38:17,alice,10.10.10.5,FAIL
2025-05-25 09:06:07,john,192.168.1.10,FAIL
2025-05-25 08:48:50,john,172.16.0.1,FAIL
2025-05-25 09:21:19,jane,192.168.1.20,FAIL
2025-05-25 08:51:25,charlie,192.168.1.20,FAIL
2025-05-25 09:13:41,bob,10.10.10.5,FAIL
2025-05-25 09:31:27,bob,192.168.1.20,FAIL
2025-05-25 08:10:53,charlie,10.10.10.5,FAIL
2025-05-25 09:49:27,john,172.16.0.1,SUCCESS
2025-05-25 08:23:53,jane,192.168.1.10,FAIL
2025-05-25 09:51:51,jane,10.10.10.5,FAIL
2025-05-25 08:41:39,jane,192.168.1.10,FAIL
2025-05-25 09:45:19,jane,172.16.0.1,FAIL
2025-05-25 08:56:07,jane,192.168.1.20,FAIL
2025-05-25 09:32:58,charlie,172.16.0.1,SUCCESS
2025-05-25 08:19:38,charlie,192.168.1.20,SUCCESS
2025-05-25 09:35:26,bob,172.16.0.1,FAIL
2025-05-25 08:54:16,charlie,10.10.10.5,FAIL
2025-05-25 09:23:38,alice,10.10.10.5,FAIL
2025-05-25 08:31:56,alice,10.10.10.5,FAIL
2025-05-25 08:02:12,bob,10.10.10.5,FAIL
2025-05-25 08:22:44,charlie,192.168.1.20,FAIL
2025-05-25 09:53:12,alice,192.168.1.10,FAIL
2025-05-25 08:49:12,bob,203.0.113.5,FAIL
2025-05-25 08:33:03,alice,192.168.1.20,FAIL
2025-05-25 08:38:05,bob,10.10.10.5,FAIL
2025-05-25 08:12:14,alice,203.0.113.5,FAIL
2025-05-25 09:03:25,charlie,172.16.0.1,FAIL
2025-05-25 08:21:25,jane,203.0.113.5,FAIL
2025-05-25 09:30:12,alice,172.16.0.1,FAIL
2025-05-25 09:06:38,alice,10.10.10.5,SUCCESS
2025-05-25 09:41:41,jane,192.168.1.10,FAIL
2025-05-25 09:27:57,bob,172.16.0.1,FAIL
2025-05-25 09:40:37,john,192.168.1.10,FAIL
2025-05-25 08:19:59,john,172.16.0.1,FAIL
2025-05-25 08:48:47,jane,192.168.1.10,FAIL
2025-05-25 08:22:16,jane,192.168.1.10,FAIL
2025-05-25 08:49:59,charlie,192.168.1.20,SUCCESS
2025-05-25 09:43:39,charlie,192.168.1.10,FAIL
2025-05-25 09:38:31,charlie,192.168.1.20,FAIL
2025-05-25 09:46:15,charlie,203.0.113.5,FAIL
2025-05-25 08:11:20,alice,172.16.0.1,FAIL
2025-05-25 08:05:44,john,172.16.0.1,FAIL
2025-05-25 08:10:25,charlie,192.168.1.20,FAIL
2025-05-25 08:03:01,alice,172.16.0.1,FAIL
2025-05-25 08:34:58,john,203.0.113.5,SUCCESS
2025-05-25 09:42:59,jane,203.0.113.5,FAIL
2025-05-25 08:27:59,alice,172.16.0.1,FAIL
2025-05-25 09:02:43,jane,203.0.113.5,FAIL
2025-05-25 08:55:25,john,192.168.1.20,FAIL
2025-05-25 09:41:23,charlie,192.168.1.10,SUCCESS
2025-05-25 08:24:22,john,10.10.10.5,FAIL
2025-05-25 08:52:31,alice,203.0.113.5,SUCCESS
2025-05-25 09:22:16,charlie,10.10.10.5,SUCCESS
2025-05-25 09:15:04,john,172.16.0.1,FAIL
2025-05-25 09:33:31,alice,192.168.1.20,FAIL
2025-05-25 08:27:08,alice,203.0.113.5,FAIL
2025-05-25 09:20:58,alice,203.0.113.5,FAIL
2025-05-25 09:33:27,john,192.168.1.10,FAIL
2025-05-25 08:01:53,bob,192.168.1.20,FAIL
2025-05-25 09:14:50,john,192.168.1.10,FAIL
2025-05-25 08:10:16,alice,172.16.0.1,FAIL
2025-05-25 08:25:08,charlie,172.16.0.1,FAIL
2025-05-25 09:22:18,john,172.16.0.1,FAIL
2025-05-25 08:14:29,alice,172.16.0.1,FAIL
2025-05-25 09:42:08,alice,203.0.113.5,FAIL
2025-05-25 09:13:38,bob,172.16.0.1,SUCCESS
2025-05-25 08:11:24,john,192.168.1.10,SUCCESS
2025-05-25 08:56:32,charlie,192.168.1.10,SUCCESS
2025-05-25 08:02:06,charlie,192.168.1.10,FAIL
2025-05-25 08:41:22,alice,203.0.113.5,FAIL
2025-05-25 08:22:16,charlie,10.10.10.5,FAIL
2025-05-25 08:04:44,jane,192.168.1.20,FAIL
2025-05-25 08:56:07,john,192.168.1.10,FAIL
2025-05-25 08:49:15,alice,10.10.10.5,FAIL
2025-05-25 09:33:35,bob,192.168.1.20,FAIL
2025-05-25 08:06:04,bob,192.168.1.10,FAIL
2025-05-25 09:47:25,alice,172.16.0.1,FAIL
2025-05-25 09:03:33,john,203.0.113.5,FAIL
2025-05-25 08:58:30,alice,172.16.0.1,FAIL
2025-05-25 09:15:11,alice,10.10.10.5,FAIL
2025-05-25 08:26:12,john,203.0.113.5,FAIL
2025-05-25 08:47:30,alice,172.16.0.1,FAIL
2025-05-25 09:54:08,alice,203.0.113.5,SUCCESS
2025-05-25 09:47:44,jane,172.16.0.1,FAIL
2025-05-25 09:15:11,charlie,192.168.1.20,FAIL
2025-05-25 09:49:23,charlie,192.168.1.20,FAIL
2025-05-25 09:04:10,jane,192.168.1.10,FAIL
2025-05-25 09:21:47,bob,192.168.1.20,FAIL
2025-05-25 09:07:06,alice,172.16.0.1,FAIL
2025-05-25 09:55:06,bob,192.168.1.10,FAIL
2025-05-25 09:54:54,jane,203.0.113.5,FAIL
2025-05-25 08:22:42,john,10.10.10.5,SUCCESS
2025-05-25 08:23:55,alice,172.16.0.1,FAIL
2025-05-25 08:03:24,jane,172.16.0.1,FAIL
2025-05-25 09:10:29,john,172.16.0.1,FAIL
2025-05-25 08:46:15,bob,192.168.1.20,FAIL
2025-05-25 08:53:09,charlie,10.10.10.5,FAIL
2025-05-25 09:15:39,bob,203.0.113.5,FAIL
2025-05-25 08:27:57,john,192.168.1.20,FAIL
2025-05-25 08:38:47,alice,192.168.1.20,FAIL
2025-05-25 09:14:17,charlie,192.168.1.20,FAIL
2025-05-25 08:02:07,alice,172.16.0.1,FAIL
2025-05-25 08:59:21,bob,192.168.1.10,SUCCESS
2025-05-25 09:05:19,john,10.10.10.5,FAIL
2025-05-25 09:04:19,alice,172.16.0.1,FAIL
2025-05-25 09:59:54,alice,203.0.113.5,SUCCESS
2025-05-25 08:24:22,alice,172.16.0.1,FAIL
2025-05-25 09:09:32,bob,172.16.0.1,FAIL
2025-05-25 09:55:21,john,172.16.0.1,FAIL
2025-05-25 08:07:53,bob,192.168.1.10,SUCCESS
2025-05-25 09:22:44,bob,192.168.1.10,SUCCESS
2025-05-25 09:31:25,jane,10.10.10.5,SUCCESS
2025-05-25 09:01:29,charlie,192.168.1.20,FAIL
2025-05-25 08:46:44,charlie,203.0.113.5,FAIL
2025-05-25 09:51:41,john,192.168.1.10,FAIL
2025-05-25 09:16:16,alice,172.16.0.1,FAIL
2025-05-25 08:31:30,alice,192.168.1.10,FAIL
2025-05-25 09:13:29,jane,172.16.0.1,FAIL
2025-05-25 09:46:43,charlie,192.168.1.20,SUCCESS
2025-05-25 09:15:13,jane,192.168.1.10,FAIL
2025-05-25 08:01:41,alice,203.0.113.5,FAIL
2025-05-25 08:33:15,john,10.10.10.5,FAIL
2025-05-25 08:17:50,charlie,10.10.10.5,FAIL
2025-05-25 08:02:49,charlie,10.10.10.5,FAIL
2025-05-25 09:47:22,jane,192.168.1.20,FAIL
2025-05-25 08:49:46,charlie,10.10.10.5,FAIL
2025-05-25 08:40:20,john,192.168.1.20,FAIL
2025-05-25 08:52:30,jane,172.16.0.1,FAIL
2025-05-25 09:06:18,jane,10.10.10.5,FAIL
2025-05-25 09:55:31,jane,203.0.113.5,FAIL
2025-05-25 09:53:40,bob,10.10.10.5,FAIL
2025-05-25 08:37:41,bob,192.168.1.20,FAIL
2025-05-25 09:26:51,john,172.16.0.1,FAIL
2025-05-25 08:30:07,bob,172.16.0.1,FAIL
2025-05-25 09:18:07,charlie,192.168.1.20,FAIL
2025-05-25 08:57:58,john,192.168.1.20,FAIL
2025-05-25 08:18:03,jane,10.10.10.5,FAIL
2025-05-25 08:02:43,bob,192.168.1.20,FAIL
2025-05-25 08:17:25,jane,172.16.0.1,FAIL
2025-05-25 08:24:56,john,192.168.1.10,FAIL
2025-05-25 08:31:20,charlie,172.16.0.1,SUCCESS
2025-05-25 08:11:40,alice,172.16.0.1,FAIL
2025-05-25 08:29:58,charlie,192.168.1.20,FAIL
2025-05-25 08:40:41,bob,10.10.10.5,FAIL
2025-05-25 09:00:46,john,192.168.1.10,FAIL
2025-05-25 09:45:39,jane,192.168.1.20,FAIL
2025-05-25 09:37:22,bob,192.168.1.10,FAIL
2025-05-25 08:14:31,bob,172.16.0.1,FAIL
2025-05-25 09:34:13,john,203.0.113.5,FAIL
2025-05-25 09:29:20,bob,172.16.0.1,FAIL
2025-05-25 09:27:06,alice,172.16.0.1,FAIL
2025-05-25 08:14:58,bob,192.168.1.10,SUCCESS
2025-05-25 09:25:13,jane,203.0.113.5,FAIL
2025-05-25 08:23:59,bob,10.10.10.5,FAIL
2025-05-25 08:57:00,jane,172.16.0.1,FAIL
2025-05-25 08:24:30,jane,192.168.1.10,FAIL
2025-05-25 09:12:44,charlie,10.10.10.5,SUCCESS
2025-05-25 09:45:49,alice,10.10.10.5,FAIL
2025-05-25 08:21:44,bob,192.168.1.10,FAIL
2025-05-25 09:48:23,bob,172.16.0.1,FAIL
2025-05-25 08:32:06,jane,172.16.0.1,FAIL
2025-05-25 09:17:49,alice,192.168.1.10,SUCCESS
2025-05-25 08:17:44,alice,172.16.0.1,FAIL
2025-05-25 08:39:51,john,10.10.10.5,FAIL
2025-05-25 08:46:46,jane,10.10.10.5,FAIL
2025-05-25 09:28:23,bob,192.168.1.20,FAIL
2025-05-25 09:18:59,john,192.168.1.20,FAIL
2025-05-25 08:33:02,alice,192.168.1.10,FAIL
2025-05-25 09:16:38,alice,172.16.0.1,FAIL
2025-05-25 09:20:39,jane,192.168.1.20,FAIL
2025-05-25 09:56:45,john,203.0.113.5,SUCCESS
2025-05-25 09:25:15,charlie,192.168.1.10,FAIL
2025-05-25 09:28:55,bob,172.16.0.1,FAIL
2025-05-25 09:45:51,jane,203.0.113.5,FAIL
2025-05-25 09:17:35,bob,203.0.113.5,SUCCESS
2025-05-25 09:44:36,bob,192.168.1.20,SUCCESS
2025-05-25 09:58:21,alice,192.168.1.20,SUCCESS
2025-05-25 08:15:54,jane,192.168.1.20,SUCCESS
2025-05-25 08:30:40,bob,203.0.113.5,FAIL
2025-05-25 09:15:52,charlie,10.10.10.5,FAIL
2025-05-25 09:46:10,bob,10.10.10.5,FAIL
2025-05-25 08:32:34,jane,172.16.0.1,FAIL
2025-05-25 08:23:27,alice,192.168.1.10,FAIL
2025-05-25 09:07:42,bob,10.10.10.5,FAIL
2025-05-25 08:42:36,jane,172.16.0.1,FAIL
2025-05-25 08:15:08,john,10.10.10.5,FAIL
2025-05-25 08:02:45,jane,10.10.10.5,FAIL
2025-05-25 08:05:56,john,192.168.1.10,FAIL
2025-05-25 08:47:40,charlie,10.10.10.5,SUCCESS
2025-05-25 08:25:55,john,192.168.1.20,SUCCESS
2025-05-25 09:26:14,jane,10.10.10.5,SUCCESS
2025-05-25 09:42:10,charlie,10.10.10.5,FAIL
2025-05-25 08:00:17,jane,203.0.113.5,FAIL
2025-05-25 09:17:46,jane,203.0.113.5,FAIL
2025-05-25 08:21:56,alice,192.168.1.20,FAIL
2025-05-25 09:01:28,bob,192.168.1.10,FAIL
2025-05-25 08:14:25,charlie,10.10.10.5,FAIL
2025-05-25 08:54:51,bob,10.10.10.5,FAIL
2025-05-25 09:25:03,jane,192.168.1.20,FAIL
2025-05-25 09:21:00,jane,10.10.10.5,SUCCESS
2025-05-25 09:36:41,charlie,172.16.0.1,FAIL
2025-05-25 08:17:22,john,172.16.0.1,FAIL
2025-05-25 09:52:51,john,192.168.1.20,FAIL
2025-05-25 09:47:50,jane,192.168.1.10,FAIL
2025-05-25 08:56:28,john,203.0.113.5,FAIL
2025-05-25 09:32:21,jane,203.0.113.5,FAIL
2025-05-25 08:33:04,alice,203.0.113.5,FAIL
2025-05-25 09:26:34,alice,192.168.1.10,FAIL
2025-05-25 09:12:28,alice,203.0.113.5,FAIL
2025-05-25 09:00:44,charlie,192.168.1.20,FAIL
2025-05-25 09:31:09,bob,203.0.113.5,FAIL
2025-05-25 09:38:36,bob,203.0.113.5,FAIL
2025-05-25 08:44:47,alice,192.168.1.20,SUCCESS
2025-05-25 08:09:50,charlie,203.0.113.5,FAIL
2025-05-25 08:41:58,jane,192.168.1.10,FAIL
2025-05-25 09:30:37,jane,192.168.1.20,SUCCESS
2025-05-25 08:50:15,john,172.16.0.1,FAIL
2025-05-25 08:13:37,john,203.0.113.5,SUCCESS
2025-05-25 08:32:27,jane,172.16.0.1,FAIL
2025-05-25 09:53:21,alice,203.0.113.5,FAIL
2025-05-25 08:11:49,alice,172.16.0.1,FAIL
2025-05-25 08:20:59,bob,192.168.1.10,FAIL
2025-05-25 09:13:39,charlie,203.0.113.5,FAIL
2025-05-25 08:38:54,jane,172.16.0.1,FAIL
2025-05-25 09:34:55,bob,192.168.1.20,FAIL
2025-05-25 09:59:32,charlie,10.10.10.5,FAIL
2025-05-25 08:17:14,jane,192.168.1.10,FAIL
2025-05-25 09:20:49,john,203.0.113.5,FAIL
2025-05-25 08:19:14,charlie,192.168.1.10,FAIL
2025-05-25 09:48:17,john,192.168.1.20,FAIL
2025-05-25 09:02:33,alice,192.168.1.10,FAIL
2025-05-25 09:12:10,charlie,172.16.0.1,SUCCESS
2025-05-25 09:00:06,bob,10.10.10.5,FAIL
2025-05-25 08:11:20,alice,203.0.113.5,FAIL
2025-05-25 08:54:34,john,10.10.10.5,FAIL
2025-05-25 08:48:03,john,203.0.113.5,FAIL
2025-05-25 09:36:26,charlie,10.10.10.5,FAIL
2025-05-25 09:21:12,john,192.168.1.10,SUCCESS
2025-05-25 09:31:47,alice,172.16.0.1,FAIL
2025-05-25 08:21:02,alice,172.16.0.1,SUCCESS
2025-05-25 08:59:18,bob,172.16.0.1,FAIL
2025-05-25 09:50:00,alice,10.10.10.5,FAIL
2025-05-25 08:49:08,john,10.10.10.5,FAIL
2025-05-25 08:55:42,charlie,192.168.1.10,SUCCESS
2025-05-25 08:39:56,bob,192.168.1.20,FAIL
2025-05-25 09:51:49,john,203.0.113.5,FAIL
2025-05-25 08:05:15,john,192.168.1.20,FAIL
2025-05-25 09:36:14,jane,192.168.1.10,FAIL
2025-05-25 09:45:03,alice,203.0.113.5,FAIL
2025-05-25 08:15:34,bob,192.168.1.10,FAIL
2025-05-25 09:48:06,jane,192.168.1.20,FAIL
2025-05-25 09:35:45,charlie,203.0.113.5,FAIL
2025-05-25 08:55:10,charlie,192.168.1.20,FAIL
2025-05-25 09:59:21,alice,192.168.1.20,FAIL
2025-05-25 08:36:02,john,192.168.1.20,FAIL
2025-05-25 08:31:35,alice,203.0.113.5,FAIL
2025-05-25 09:00:38,john,10.10.10.5,FAIL
2025-05-25 08:23:26,john,192.168.1.10,FAIL
2025-05-25 09:44:06,alice,172.16.0.1,FAIL
2025-05-25 08:56:03,john,172.16.0.1,FAIL
2025-05-25 08:03:02,alice,192.168.1.10,SUCCESS
2025-05-25 09:30:33,charlie,10.10.10.5,FAIL
2025-05-25 09:16:01,jane,192.168.1.20,SUCCESS
2025-05-25 09:12:51,alice,192.168.1.20,FAIL
2025-05-25 08:20:49,charlie,192.168.1.10,FAIL
2025-05-25 08:27:37,charlie,172.16.0.1,FAIL
2025-05-25 08:23:17,john,203.0.113.5,SUCCESS
2025-05-25 08:55:27,alice,192.168.1.10,FAIL
2025-05-25 09:48:28,bob,10.10.10.5,FAIL
2025-05-25 09:58:03,john,203.0.113.5,FAIL
2025-05-25 08:49:31,john,10.10.10.5,SUCCESS
2025-05-25 08:27:12,jane,203.0.113.5,FAIL
2025-05-25 08:05:20,charlie,10.10.10.5,FAIL
2025-05-25 08:40:56,jane,192.168.1.10,FAIL
2025-05-25 08:43:32,alice,203.0.113.5,FAIL
2025-05-25 09:02:07,charlie,192.168.1.10,FAIL
2025-05-25 09:05:47,jane,10.10.10.5,SUCCESS
2025-05-25 09:25:37,jane,192.168.1.20,SUCCESS
2025-05-25 08:21:30,bob,192.168.1.20,FAIL
2025-05-25 08:20:08,jane,10.10.10.5,FAIL
2025-05-25 08:52:52,charlie,203.0.113.5,FAIL
2025-05-25 09:12:20,jane,172.16.0.1,SUCCESS
2025-05-25 09:12:06,charlie,192.168.1.10,FAIL
2025-05-25 08:26:33,alice,192.168.1.20,FAIL
2025-05-25 08:37:24,bob,192.168.1.10,FAIL
2025-05-25 08:18:26,alice,192.168.1.20,FAIL
2025-05-25 08:45:46,charlie,192.168.1.20,FAIL
2025-05-25 08:49:31,john,192.168.1.10,FAIL
2025-05-25 09:19:48,john,203.0.113.5,FAIL
2025-05-25 08:33:53,john,192.168.1.10,FAIL
2025-05-25 09:04:08,bob,192.168.1.20,FAIL
2025-05-25 09:26:51,alice,192.168.1.10,FAIL
2025-05-25 09:36:47,jane,192.168.1.10,FAIL
2025-05-25 08:55:07,charlie,172.16.0.1,SUCCESS
2025-05-25 09:06:26,alice,192.168.1.10,FAIL
2025-05-25 09:02:09,bob,192.168.1.10,SUCCESS
2025-05-25 08:24:36,bob,192.168.1.10,FAIL
2025-05-25 09:02:20,bob,203.0.113.5,FAIL
2025-05-25 09:18:32,jane,203.0.113.5,FAIL
2025-05-25 08:50:45,jane,203.0.113.5,FAIL
2025-05-25 09:22:06,bob,203.0.113.5,FAIL
2025-05-25 09:00:01,bob,192.168.1.20,FAIL
2025-05-25 09:47:11,alice,172.16.0.1,SUCCESS
2025-05-25 08:35:22,charlie,192.168.1.10,FAIL
2025-05-25 08:16:29,jane,203.0.113.5,FAIL
2025-05-25 09:10:54,john,203.0.113.5,FAIL
2025-05-25 09:20:42,john,192.168.1.20,FAIL
2025-05-25 08:15:40,john,172.16.0.1,FAIL
2025-05-25 09:54:12,charlie,10.10.10.5,SUCCESS
2025-05-25 09:59:31,bob,172.16.0.1,FAIL
2025-05-25 08:16:57,jane,172.16.0.1,FAIL
2025-05-25 08:09:02,john,10.10.10.5,FAIL
2025-05-25 09:38:37,alice,10.10.10.5,FAIL
2025-05-25 09:13:05,john,10.10.10.5,SUCCESS
2025-05-25 08:41:01,jane,192.168.1.10,FAIL
2025-05-25 09:25:15,jane,192.168.1.20,FAIL
2025-05-25 08:32:41,bob,192.168.1.10,FAIL
2025-05-25 09:46:40,john,203.0.113.5,FAIL
2025-05-25 09:43:46,jane,203.0.113.5,FAIL
2025-05-25 08:30:42,alice,172.16.0.1,SUCCESS
2025-05-25 09:48:23,john,203.0.113.5,FAIL
2025-05-25 08:31:04,bob,192.168.1.20,FAIL
2025-05-25 09:04:20,jane,10.10.10.5,FAIL
2025-05-25 09:32:35,charlie,10.10.10.5,FAIL
2025-05-25 09:17:09,alice,203.0.113.5,FAIL
2025-05-25 08:33:43,jane,192.168.1.10,FAIL
2025-05-25 09:24:29,charlie,10.10.10.5,FAIL
2025-05-25 08:59:52,jane,192.168.1.10,FAIL
2025-05-25 09:49:10,jane,10.10.10.5,SUCCESS
2025-05-25 09:31:42,charlie,203.0.113.5,FAIL
2025-05-25 09:36:49,alice,192.168.1.10,FAIL
2025-05-25 09:42:41,alice,192.168.1.20,SUCCESS
2025-05-25 09:42:55,charlie,10.10.10.5,FAIL
2025-05-25 09:02:46,charlie,10.10.10.5,FAIL
2025-05-25 09:13:46,bob,203.0.113.5,FAIL
2025-05-25 09:36:57,jane,10.10.10.5,FAIL
2025-05-25 08:46:41,alice,10.10.10.5,FAIL
2025-05-25 09:36:55,bob,10.10.10.5,FAIL
2025-05-25 09:20:42,jane,192.168.1.10,FAIL
2025-05-25 08:58:14,bob,203.0.113.5,FAIL
2025-05-25 09:24:22,john,203.0.113.5,SUCCESS
2025-05-25 09:33:50,alice,192.168.1.20,FAIL
2025-05-25 09:52:01,john,203.0.113.5,FAIL
2025-05-25 09:40:53,charlie,203.0.113.5,FAIL
2025-05-25 09:26:24,jane,192.168.1.20,FAIL
2025-05-25 08:45:10,bob,203.0.113.5,FAIL
2025-05-25 09:18:16,bob,192.168.1.10,FAIL
2025-05-25 08:04:06,bob,172.16.0.1,SUCCESS
2025-05-25 09:51:54,jane,172.16.0.1,FAIL
2025-05-25 08:56:38,charlie,10.10.10.5,FAIL
2025-05-25 09:58:10,jane,192.168.1.20,FAIL
2025-05-25 08:39:59,john,203.0.113.5,FAIL
2025-05-25 08:30:59,jane,203.0.113.5,SUCCESS
2025-05-25 08:37:01,alice,172.16.0.1,FAIL
2025-05-25 08:38:06,john,10.10.10.5,FAIL
2025-05-25 08:40:44,bob,203.0.113.5,SUCCESS
2025-05-25 09:51:43,charlie,10.10.10.5,FAIL
2025-05-25 08:21:03,jane,192.168.1.20,SUCCESS
2025-05-25 08:16:15,jane,192.168.1.10,FAIL
2025-05-25 09:19:17,bob,192.168.1.10,SUCCESS
2025-05-25 09:30:49,bob,172.16.0.1,FAIL
2025-05-25 08:34:42,charlie,172.16.0.1,FAIL
2025-05-25 09:57:03,charlie,192.168.1.20,FAIL
2025-05-25 09:48:11,bob,10.10.10.5,FAIL
2025-05-25 09:44:52,jane,203.0.113.5,FAIL
2025-05-25 09:44:23,alice,172.16.0.1,FAIL
2025-05-25 08:47:56,charlie,10.10.10.5,FAIL
2025-05-25 09:25:08,john,203.0.113.5,FAIL
2025-05-25 08:43:15,bob,203.0.113.5,FAIL
2025-05-25 08:25:19,jane,203.0.113.5,FAIL
2025-05-25 09:14:31,jane,192.168.1.20,FAIL
2025-05-25 08:11:07,bob,10.10.10.5,FAIL
2025-05-25 08:54:38,alice,172.16.0.1,FAIL
2025-05-25 08:31:34,charlie,10.10.10.5,FAIL
2025-05-25 09:12:16,jane,192.168.1.20,SUCCESS
2025-05-25 08:16:59,charlie,192.168.1.10,FAIL
2025-05-25 08:16:01,bob,192.168.1.10,FAIL
2025-05-25 08:47:07,alice,172.16.0.1,FAIL
2025-05-25 09:25:11,charlie,192.168.1.20,SUCCESS
2025-05-25 08:07:42,bob,203.0.113.5,SUCCESS
2025-05-25 09:22:26,bob,203.0.113.5,FAIL
2025-05-25 08:38:30,john,192.168.1.20,FAIL
2025-05-25 09:24:12,john,172.16.0.1,FAIL
2025-05-25 08:34:43,jane,192.168.1.10,FAIL
2025-05-25 08:45:33,alice,203.0.113.5,FAIL
2025-05-25 08:57:06,bob,192.168.1.20,FAIL
2025-05-25 09:24:17,jane,192.168.1.20,FAIL
2025-05-25 09:10:47,john,192.168.1.10,FAIL
2025-05-25 08:37:54,charlie,10.10.10.5,FAIL
2025-05-25 08:25:06,bob,203.0.113.5,FAIL
2025-05-25 09:41:43,john,172.16.0.1,FAIL
2025-05-25 09:36:15,bob,10.10.10.5,FAIL
2025-05-25 08:39:46,alice,192.168.1.20,FAIL
2025-05-25 08:49:55,alice,203.0.113.5,FAIL
2025-05-25 08:33:08,alice,203.0.113.5,FAIL
2025-05-25 09:30:49,jane,10.10.10.5,FAIL
2025-05-25 08:47:42,jane,192.168.1.20,FAIL
2025-05-25 08:52:04,jane,192.168.1.10,FAIL
2025-05-25 09:13:04,alice,192.168.1.20,FAIL
2025-05-25 09:45:33,charlie,192.168.1.20,FAIL
2025-05-25 08:54:58,jane,192.168.1.10,FAIL
2025-05-25 09:29:40,charlie,192.168.1.20,SUCCESS
2025-05-25 08:36:49,john,192.168.1.20,SUCCESS
2025-05-25 09:02:04,john,172.16.0.1,FAIL
2025-05-25 08:52:53,bob,192.168.1.10,FAIL
2025-05-25 09:03:26,charlie,192.168.1.20,FAIL
2025-05-25 09:51:09,jane,192.168.1.20,FAIL
2025-05-25 08:24:44,bob,10.10.10.5,FAIL
2025-05-25 08:11:32,alice,192.168.1.20,FAIL
2025-05-25 08:01:31,alice,192.168.1.10,FAIL
2025-05-25 09:06:28,john,192.168.1.20,FAIL
2025-05-25 10:00:00,john,192.168.1.20,FAIL
2025-05-25 10:00:01,john,192.168.1.20,FAIL
2025-05-25 10:00:02,john,192.168.1.20,FAIL
2025-05-25 10:00:03,john,192.168.1.20,FAIL
2025-05-25 10:00:04,john,192.168.1.20,FAIL
